"abbreviation"	"name"	"compartment"
"10fthf"	"10-Formyltetrahydrofolate"	"c"
"12dgr120"	"1,2-Diacyl-sn-glycerol (didodecanoyl, n-C12:0)"	"c, p"
"12dgr140"	"1,2-Diacyl-sn-glycerol (ditetradecanoyl, n-C14:0)"	"c, p"
"12dgr141"	"1,2-Diacyl-sn-glycerol (ditetradec-7-enoyl, n-C14:1)"	"c, p"
"12dgr160"	"1,2-Diacyl-sn-glycerol (dihexadecanoyl, n-C16:0)"	"c, p"
"12dgr161"	"1,2-Diacyl-sn-glycerol (dihexadec-9-enoyl, n-C16:1)"	"c, p"
"12dgr180"	"1,2-Diacyl-sn-glycerol (dioctadecanoyl, n-C18:0)"	"c, p"
"12dgr181"	"1,2-Diacyl-sn-glycerol (dioctadec-11-enoyl, n-C18:1)"	"c, p"
"12ppd_DASH_R"	"(R)-Propane-1,2-diol"	"c, e, p"
"12ppd_DASH_S"	"(S)-Propane-1,2-diol"	"c, e, p"
"13dpg"	"3-Phospho-D-glyceroyl phosphate"	"c"
"14dhncoa"	"1,4-dihydroxy-2-napthoyl-CoA"	"c"
"14glucan"	"1,4-alpha-D-glucan"	"c, e, p"
"15dap"	"1,5-Diaminopentane"	"c, e, p"
"1agpe120"	"1-Acyl-sn-glycero-3-phosphoethanolamine (n-C12:0)"	"p"
"1agpe140"	"1-Acyl-sn-glycero-3-phosphoethanolamine (n-C14:0)"	"p"
"1agpe141"	"1-Acyl-sn-glycero-3-phosphoethanolamine (n-C14:1)"	"p"
"1agpe160"	"1-Acyl-sn-glycero-3-phosphoethanolamine (n-C16:0)"	"p"
"1agpe161"	"1-Acyl-sn-glycero-3-phosphoethanolamine (n-C16:1)"	"p"
"1agpe180"	"1-Acyl-sn-glycero-3-phosphoethanolamine (n-C18:0)"	"p"
"1agpe181"	"1-Acyl-sn-glycero-3-phosphoethanolamine (n-C18:1)"	"p"
"1agpg120"	"1-Acyl-sn-glycero-3-phosphoglycerol (n-C12:0)"	"p"
"1agpg140"	"1-Acyl-sn-glycero-3-phosphoglycerol (n-C14:0)"	"p"
"1agpg141"	"1-Acyl-sn-glycero-3-phosphoglycerol (n-C14:1)"	"p"
"1agpg160"	"1-Acyl-sn-glycero-3-phosphoglycerol (n-C16:0)"	"p"
"1agpg161"	"1-Acyl-sn-glycero-3-phosphoglycerol (n-C16:1)"	"p"
"1agpg180"	"1-Acyl-sn-glycero-3-phosphoglycerol (n-C18:0)"	"p"
"1agpg181"	"1-Acyl-sn-glycero-3-phosphoglycerol (n-C18:1)"	"p"
"1ddecg3p"	"1-dodecanoyl-sn-glycerol 3-phosphate"	"c, p"
"1hdec9eg3p"	"1-hexadec-9-enoyl-sn-glycerol 3-phosphate"	"c, p"
"1hdecg3p"	"1-hexadecanoyl-sn-glycerol 3-phosphate"	"c, p"
"1odec11eg3p"	"1-octadec-11-enoyl-sn-glycerol 3-phosphate"	"c, p"
"1odecg3p"	"1-octadecanoyl-sn-glycerol 3-phosphate"	"c, p"
"1pyr5c"	"1-Pyrroline-5-carboxylate"	"c"
"1tdec7eg3p"	"1-tetradec-7-enoyl-sn-glycerol 3-phosphate"	"c, p"
"1tdecg3p"	"1-tetradecanoyl-sn-glycerol 3-phosphate"	"c, p"
"23camp"	"2',3'-Cyclic AMP"	"e, p"
"23ccmp"	"2',3'-Cyclic CMP"	"e, p"
"23cgmp"	"2',3'-Cyclic GMP"	"e, p"
"23cump"	"2',3'-Cyclic UMP"	"e, p"
"23dappa"	"2,3-diaminopropionate"	"c, e, p"
"23ddhb"	"2,3-Dihydro-2,3-dihydroxybenzoate"	"c"
"23dhacoa"	"2,3-dehydroadipyl-CoA"	"c"
"23dhb"	"2,3-Dihydroxybenzoate"	"c"
"23dhba"	"(2,3-Dihydroxybenzoyl)adenylate"	"c"
"23dhbzs"	"2,3-dihydroxybenzoylserine"	"c"
"23dhdp"	"2,3-Dihydrodipicolinate"	"c"
"23dhmb"	"(R)-2,3-Dihydroxy-3-methylbutanoate"	"c"
"23dhmp"	"(R)-2,3-Dihydroxy-3-methylpentanoate"	"c"
"23doguln"	"2,3-Dioxo-L-gulonate"	"c"
"25aics"	"(S)-2-[5-Amino-1-(5-phospho-D-ribosyl)imidazole-4-carboxamido]succinate"	"c"
"25dkglcn"	"2,5-diketo-D-gluconate"	"c"
"25drapp"	"2,5-Diamino-6-(ribosylamino)-4-(3H)-pyrimidinone 5'-phosphate"	"c"
"26dap_DASH_LL"	"LL-2,6-Diaminoheptanedioate"	"c"
"26dap_DASH_M"	"meso-2,6-Diaminoheptanedioate"	"c, e, p"
"2agpe120"	"2-Acyl-sn-glycero-3-phosphoethanolamine (n-C12:0)"	"c, p"
"2agpe140"	"2-Acyl-sn-glycero-3-phosphoethanolamine (n-C14:0)"	"c, p"
"2agpe141"	"2-Acyl-sn-glycero-3-phosphoethanolamine (n-C14:1)"	"c, p"
"2agpe160"	"2-Acyl-sn-glycero-3-phosphoethanolamine (n-C16:0)"	"c, p"
"2agpe161"	"2-Acyl-sn-glycero-3-phosphoethanolamine (n-C16:1)"	"c, p"
"2agpe180"	"2-Acyl-sn-glycero-3-phosphoethanolamine (n-C18:0)"	"c, p"
"2agpe181"	"2-Acyl-sn-glycero-3-phosphoethanolamine (n-C18:1)"	"c, p"
"2agpg120"	"2-Acyl-sn-glycero-3-phosphoglycerol (n-C12:0)"	"c, p"
"2agpg140"	"2-Acyl-sn-glycero-3-phosphoglycerol (n-C14:0)"	"c, p"
"2agpg141"	"2-Acyl-sn-glycero-3-phosphoglycerol (n-C14:1)"	"c, p"
"2agpg160"	"2-Acyl-sn-glycero-3-phosphoglycerol (n-C16:0)"	"c, p"
"2agpg161"	"2-Acyl-sn-glycero-3-phosphoglycerol (n-C16:1)"	"c, p"
"2agpg180"	"2-Acyl-sn-glycero-3-phosphoglycerol (n-C18:0)"	"c, p"
"2agpg181"	"2-Acyl-sn-glycero-3-phosphoglycerol (n-C18:1)"	"c, p"
"2ahbut"	"(S)-2-Aceto-2-hydroxybutanoate"	"c"
"2amsa"	"2-Aminomalonate semialdehyde"	"c"
"2aobut"	"L-2-Amino-3-oxobutanoate"	"c"
"2cpr5p"	"1-(2-Carboxyphenylamino)-1-deoxy-D-ribulose 5-phosphate"	"c"
"2dda7p"	"2-Dehydro-3-deoxy-D-arabino-heptonate 7-phosphate"	"c"
"2ddecg3p"	"2-dodecanoyl-sn-glycerol 3-phosphate"	"c, p"
"2ddg6p"	"2-Dehydro-3-deoxy-D-gluconate 6-phosphate"	"c"
"2ddglcn"	"2-Dehydro-3-deoxy-D-gluconate"	"c, e, p"
"2dh3dgal"	"2-Dehydro-3-deoxy-D-galactonate"	"c"
"2dh3dgal6p"	"2-Dehydro-3-deoxy-D-galactonate 6-phosphate"	"c"
"2dhguln"	"2-Dehydro-L-gulonate"	"c"
"2dhp"	"2-Dehydropantoate"	"c"
"2dmmq8"	"2-Demethylmenaquinone 8"	"c"
"2dmmql8"	"2-Demethylmenaquinol 8"	"c"
"2dr1p"	"2-Deoxy-D-ribose 1-phosphate"	"c"
"2dr5p"	"2-Deoxy-D-ribose 5-phosphate"	"c"
"2fe1s"	"[2Fe-1S] desulfurated iron-sulfur cluster"	"c"
"2fe2s"	"[2Fe-2S] iron-sulfur cluster"	"c"
"2h3oppan"	"2-Hydroxy-3-oxopropanoate"	"c"
"2hdec9eg3p"	"2-hexadec-9-enoyl-sn-glycerol 3-phosphate"	"c, p"
"2hdecg3p"	"2-hexadecanoyl-sn-glycerol 3-phosphate"	"c, p"
"2ippm"	"2-Isopropylmaleate"	"c"
"2mahmp"	"2-Methyl-4-amino-5-hydroxymethylpyrimidine diphosphate"	"c"
"2mcacn"	"cis-2-Methylaconitate"	"c"
"2mcit"	"2-Methylcitrate"	"c"
"2me4p"	"2-C-methyl-D-erythritol 4-phosphate"	"c"
"2mecdp"	"2-C-methyl-D-erythritol 2,4-cyclodiphosphate"	"c"
"2obut"	"2-Oxobutanoate"	"c"
"2odec11eg3p"	"2-octadec-11-enoyl-sn-glycerol 3-phosphate"	"c, p"
"2odecg3p"	"2-octadecanoyl-sn-glycerol 3-phosphate"	"c, p"
"2ohph"	"2-Octaprenyl-6-hydroxyphenol"	"c"
"2ombzl"	"2-Octaprenyl-6-methoxy-1,4-benzoquinol"	"c"
"2omhmbl"	"2-Octaprenyl-3-methyl-5-hydroxy-6-methoxy-1,4-benzoquinol"	"c"
"2ommbl"	"2-Octaprenyl-3-methyl-6-methoxy- 1,4-benzoquinol"	"c"
"2omph"	"2-Octaprenyl-6-methoxyphenol"	"c"
"2oph"	"2-Octaprenylphenol"	"c"
"2oxpaccoa"	"2-oxepin-2(3H)-ylideneacetyl-CoA"	"c"
"2p4c2me"	"2-phospho-4-(cytidine 5'-diphospho)-2-C-methyl-D-erythritol"	"c"
"2pg"	"D-Glycerate 2-phosphate"	"c"
"2pglyc"	"2-Phosphoglycolate"	"c"
"2sephchc"	"2-succinyl-5-enolpyruvyl-6-hydroxy-3-cyclohexene-1-carboxylate"	"c"
"2shchc"	"2-Succinyl-6-hydroxy-2,4-cyclohexadiene-1-carboxylate"	"c"
"2tdec7eg3p"	"2-tetradec-7-enoyl-sn-glycerol 3-phosphate"	"c, p"
"2tdecg3p"	"2-tetradecanoyl-sn-glycerol 3-phosphate"	"c, p"
"2tpr3dpcoa"	"2'-(5''-triphosphoribosyl)-3'-dephospho-CoA"	"c"
"34dhpac"	"3,4-Dihydroxyphenylacetaldehyde"	"e, p"
"34hpp"	"3-(4-Hydroxyphenyl)pyruvate"	"c"
"35cgmp"	"3',5'-Cyclic GMP"	"c"
"3amac"	"3-Aminoacrylate"	"c"
"3amp"	"3'-AMP"	"e, p"
"3c2hmp"	"3-Carboxy-2-hydroxy-4-methylpentanoate"	"c"
"3c3hmp"	"3-Carboxy-3-hydroxy-4-methylpentanoate"	"c"
"3c4mop"	"3-Carboxy-4-methyl-2-oxopentanoate"	"c"
"3cmp"	"3'-cmp"	"e, p"
"3dhguln"	"3-Dehydro-L-gulonate"	"c"
"3dhgulnp"	"3-keto-L-gulonate-6-phosphate"	"c"
"3dhq"	"3-Dehydroquinate"	"c"
"3dhsk"	"3-Dehydroshikimate"	"c"
"3fe4s"	"[3Fe-4S] damaged iron-sulfur cluster"	"c"
"3gmp"	"3'-GMP"	"e, p"
"3haACP"	"(3R)-3-Hydroxyacyl-[acyl-carrier protein]"	"c"
"3hadpcoa"	"(3S)-3-Hydroxyadipyl-CoA"	"c"
"3hbcoa"	"(S)-3-Hydroxybutanoyl-CoA"	"c"
"3hcddec5eACP"	"(R)-3-hydroxy-cis-dodec-5-enoyl-[acyl-carrier protein]"	"c"
"3hcinnm"	"3-hydroxycinnamic acid"	"c, e, p"
"3hcmrs7eACP"	"(R)-3-hydroxy-cis-myristol-7-eoyl-[acyl-carrier protein]"	"c"
"3hcpalm9eACP"	"(R)-3-hydroxy-cis-palm-9-eoyl-[acyl-carrier protein]"	"c"
"3hcvac11eACP"	"(R)-3-hydroxy-cis-vacc-11-enoyl-[acyl-carrier protein]"	"c"
"3hdcoa"	"(S)-3-Hydroxydecanoyl-CoA"	"c"
"3hddcoa"	"(S)-3-Hydroxydodecanoyl-CoA"	"c"
"3hddecACP"	"(R)-3-Hydroxydodecanoyl-[acyl-carrier protein]"	"c"
"3hdecACP"	"(R)-3-Hydroxydecanoyl-[acyl-carrier protein]"	"c"
"3hhcoa"	"(S)-3-Hydroxyhexanoyl-CoA"	"c"
"3hhdcoa"	"(S)-3-Hydroxyhexadecanoyl-CoA"	"c"
"3hhexACP"	"(R)-3-Hydroxyhexanoyl-[acyl-carrier protein]"	"c"
"3hmrsACP"	"(R)-3-Hydroxytetradecanoyl-[acyl-carrier protein]"	"c"
"3hocoa"	"(S)-3-Hydroxyoctanoyl-CoA"	"c"
"3hoctaACP"	"(R)-3-Hydroxyoctadecanoyl-[acyl-carrier protein]"	"c"
"3hoctACP"	"(R)-3-Hydroxyoctanoyl-[acyl-carrier protein]"	"c"
"3hodcoa"	"(S)-3-Hydroxyoctadecanoyl-CoA"	"c"
"3hpalmACP"	"R-3-hydroxypalmitoyl-[acyl-carrier protein]"	"c"
"3hpp"	"3-Hydroxypropanoate"	"c, e, p"
"3hpppn"	"3-(3-hydroxy-phenyl)propionate"	"c, e, p"
"3htdcoa"	"(S)-3-Hydroxytetradecanoyl-CoA"	"c"
"3ig3p"	"C'-(3-Indolyl)-glycerol 3-phosphate"	"c"
"3mob"	"3-Methyl-2-oxobutanoate"	"c"
"3mop"	"(S)-3-Methyl-2-oxopentanoate"	"c"
"3ocddec5eACP"	"3-oxo-cis-dodec-5-enoyl-[acyl-carrier protein]"	"c"
"3ocmrs7eACP"	"3-oxo-cis-myristol-7-eoyl-[acyl-carrier protein]"	"c"
"3ocpalm9eACP"	"3-oxo-cis-palm-9-eoyl-[acyl-carrier protein]"	"c"
"3ocvac11eACP"	"3-oxo-cis-vacc-11-enoyl-[acyl-carrier protein]"	"c"
"3odcoa"	"3-Oxodecanoyl-CoA"	"c"
"3oddcoa"	"3-Oxododecanoyl-CoA"	"c"
"3oddecACP"	"3-Oxododecanoyl-[acyl-carrier protein]"	"c"
"3odecACP"	"3-Oxodecanoyl-[acyl-carrier protein]"	"c"
"3ohcoa"	"3-Oxohexanoyl-CoA"	"c"
"3ohdcoa"	"3-Oxohexadecanoyl-CoA"	"c"
"3ohexACP"	"3-Oxohexanoyl-[acyl-carrier protein]"	"c"
"3omrsACP"	"3-Oxotetradecanoyl-[acyl-carrier protein]"	"c"
"3oocoa"	"3-Oxooctanoyl-CoA"	"c"
"3ooctACP"	"3-Oxooctanoyl-[acyl-carrier protein]"	"c"
"3ooctdACP"	"3-Oxooctadecanoyl-[acyl-carrier protein]"	"c"
"3oodcoa"	"3-Oxooctadecanoyl-CoA"	"c"
"3opalmACP"	"3-Oxohexadecanoyl-[acyl-carrier protein]"	"c"
"3ophb"	"3-Octaprenyl-4-hydroxybenzoate"	"c"
"3otdcoa"	"3-Oxotetradecanoyl-CoA"	"c"
"3oxdhscoa"	"3-oxo-5,6-dehydrosuberyl-CoA"	"c"
"3pg"	"3-Phospho-D-glycerate"	"c"
"3php"	"3-Phosphohydroxypyruvate"	"c"
"3psme"	"5-O-(1-Carboxyvinyl)-3-phosphoshikimate"	"c"
"3sala"	"3-Sulfino-L-alanine"	"c"
"3ump"	"3'-UMP"	"e, p"
"4abut"	"4-Aminobutanoate"	"c, e, p"
"4abutn"	"4-Aminobutanal"	"c"
"4abz"	"4-Aminobenzoate"	"c"
"4adcho"	"4-amino-4-deoxychorismate"	"c"
"4ahmmp"	"4-Amino-5-hydroxymethyl-2-methylpyrimidine"	"c"
"4ampm"	"4-Amino-2-methyl-5-phosphomethylpyrimidine"	"c"
"4c2me"	"4-(cytidine 5'-diphospho)-2-C-methyl-D-erythritol"	"c"
"4crsol"	"p-Cresol"	"c"
"4fe4s"	"[4Fe-4S] iron-sulfur cluster"	"c"
"4h2opntn"	"4-Hydroxy-2-oxopentanoate"	"c"
"4hbz"	"4-Hydroxybenzoate"	"c"
"4hoxpacd"	"4-Hydroxyphenylacetaldehyde"	"e, p"
"4hthr"	"4-Hydroxy-L-threonine"	"c"
"4mhetz"	"4-Methyl-5-(2-hydroxyethyl)-thiazole"	"c"
"4mop"	"4-Methyl-2-oxopentanoate"	"c"
"4mpetz"	"4-Methyl-5-(2-phosphoethyl)-thiazole"	"c"
"4pasp"	"4-Phospho-L-aspartate"	"c"
"4per"	"4-Phospho-D-erythronate"	"c"
"4ppan"	"D-4'-Phosphopantothenate"	"c"
"4ppcys"	"N-((R)-4-Phosphopantothenoyl)-L-cysteine"	"c"
"4r5au"	"4-(1-D-Ribitylamino)-5-aminouracil"	"c"
"56dura"	"5,6-dihydrouracil"	"c"
"5aizc"	"5-amino-1-(5-phospho-D-ribosyl)imidazole-4-carboxylate"	"c"
"5aop"	"5-Amino-4-oxopentanoate"	"c"
"5aprbu"	"5-Amino-6-(5'-phosphoribitylamino)uracil"	"c"
"5apru"	"5-Amino-6-(5'-phosphoribosylamino)uracil"	"c"
"5caiz"	"5-phosphoribosyl-5-carboxyaminoimidazole"	"c"
"5dglcn"	"5-Dehydro-D-gluconate"	"c, e, p"
"5dh4dglc"	"5-Dehydro-4-deoxy-D-glucarate"	"c"
"5drib"	"5'-deoxyribose"	"c"
"5fthf"	"5-Formyltetrahydrofolate"	"c"
"5mta"	"5-Methylthioadenosine"	"c"
"5mthf"	"5-Methyltetrahydrofolate"	"c"
"5mtr"	"5-Methylthio-D-ribose"	"c, e, p"
"5prdmbz"	"N1-(5-Phospho-alpha-D-ribosyl)-5,6-dimethylbenzimidazole"	"c"
"6hmhpt"	"6-hydroxymethyl dihydropterin"	"c"
"6hmhptpp"	"6-hydroxymethyl-dihydropterin pyrophosphate"	"c"
"6pgc"	"6-Phospho-D-gluconate"	"c"
"6pgl"	"6-phospho-D-glucono-1,5-lactone"	"c"
"8aonn"	"8-Amino-7-oxononanoate"	"c"
"aacald"	"Aminoacetaldehyde"	"c"
"aacoa"	"Acetoacetyl-CoA"	"c"
"aact"	"Aminoacetone"	"c"
"ac"	"Acetate"	"c, e, p"
"acac"	"Acetoacetate"	"c, e, p"
"acACP"	"Acetyl-ACP"	"c"
"acald"	"Acetaldehyde"	"c, e, p"
"acanth"	"N-Acetylanthranilate"	"c"
"accoa"	"Acetyl-CoA"	"c"
"acetol"	"Acetol"	"c"
"acg5p"	"N-Acetyl-L-glutamyl 5-phosphate"	"c"
"acg5sa"	"N-Acetyl-L-glutamate 5-semialdehyde"	"c"
"acgal"	"N-Acetyl-D-galactosamine"	"e, p"
"acgal1p"	"N-Acetyl-D-galactosamine 1-phosphate"	"e, p"
"acgam"	"N-Acetyl-D-glucosamine"	"c, e, p"
"acgam1p"	"N-Acetyl-D-glucosamine 1-phosphate"	"c, e, p"
"acgam6p"	"N-Acetyl-D-glucosamine 6-phosphate"	"c"
"acglc_DASH_D"	"6-Acetyl-D-glucose"	"c"
"acglu"	"N-Acetyl-L-glutamate"	"c"
"acmalt"	"Acetyl-maltose"	"c"
"acmana"	"N-Acetyl-D-mannosamine"	"c, e, p"
"acmanap"	"N-Acetyl-D-mannosamine 6-phosphate"	"c"
"acmum"	"N-Acetylmuramate"	"e, p"
"acmum6p"	"N-acetylmuramate 6-phosphate"	"c"
"acnam"	"N-Acetylneuraminate"	"c, e, p"
"acolipa"	"4-Amino-4-deoxy-L-arabinose modified core oligosaccharide lipid A"	"e, p"
"acon_DASH_C"	"cis-Aconitate"	"c"
"acon_DASH_T"	"trans-Aconitate"	"c"
"aconm"	"E-3-carboxy-2-pentenedioate 6-methyl ester"	"c"
"acorn"	"N2-Acetyl-L-ornithine"	"c"
"ACP"	"acyl carrier protein"	"c"
"acser"	"O-Acetyl-L-serine"	"c, e, p"
"actACP"	"Acetoacetyl-ACP"	"c"
"actp"	"Acetyl phosphate"	"c"
"ade"	"Adenine"	"c, e, p"
"adn"	"Adenosine"	"c, e, p"
"adocbi"	"Adenosyl cobinamide"	"c"
"adocbip"	"Adenosyl cobinamide phosphate"	"c"
"adocbl"	"Adenosylcobalamin"	"c, e, p"
"adp"	"ADP"	"c"
"adpglc"	"ADPglucose"	"c"
"adphep_DASH_DD"	"ADP-D-glycero-D-manno-heptose"	"c"
"adphep_DASH_LD"	"ADP-L-glycero-D-manno-heptose"	"c"
"adprib"	"ADPribose"	"c"
"ag"	"silver"	"c, e"
"agdpcbi"	"Adenosine-GDP-cobinamide"	"c"
"agm"	"Agmatine"	"c, e, p"
"ahcys"	"S-Adenosyl-L-homocysteine"	"c"
"ahdt"	"2-Amino-4-hydroxy-6-(erythro-1,2,3-trihydroxypropyl)dihydropteridine triphosphate"	"c"
"aicar"	"5-Amino-1-(5-Phospho-D-ribosyl)imidazole-4-carboxamide"	"c"
"air"	"5-amino-1-(5-phospho-D-ribosyl)imidazole"	"c"
"akg"	"2-Oxoglutarate"	"c, e, p"
"alaala"	"D-Alanyl-D-alanine"	"c, e, p"
"alac_DASH_S"	"(S)-2-Acetolactate"	"c"
"ala_DASH_B"	"beta-Alanine"	"c, e, p"
"ala_DASH_D"	"D-Alanine"	"c, e, p"
"ala_DASH_L"	"L-Alanine"	"c, e, p"
"alatrna"	"L-Alanyl-tRNA(Ala)"	"c"
"all6p"	"D-Allose 6-phosphate"	"c"
"all_DASH_D"	"D-Allose"	"c, e, p"
"alltn"	"Allantoin"	"c, e, p"
"alltt"	"Allantoate"	"c"
"allul6p"	"Allulose 6-phosphate"	"c"
"alpp"	"applipoprotein"	"p"
"altrn"	"D-Altronate"	"c"
"amet"	"S-Adenosyl-L-methionine"	"c"
"ametam"	"S-Adenosylmethioninamine"	"c"
"amob"	"S-Adenosyl-4-methylthio-2-oxobutanoate"	"c"
"amp"	"AMP"	"c, e, p"
"anhgm"	"N-Acetyl-D-glucosamine(anhydrous)N-Acetylmuramic acid"	"c, e, p"
"anhgm3p"	"N-Acetyl-D-glucosamine(anhydrous)N-Acetylmuramyl-tripeptide"	"c, p"
"anhgm4p"	"N-Acetyl-D-glucosamine(anhydrous)N-Acetylmuramyl-tetrapeptide"	"c, p"
"anhm"	"1,6-anhydrous-N-Acetylmuramate"	"c"
"anhm3p"	"1,6-anhydrous-N-Acetylmuramyl-tripeptide"	"c"
"anhm4p"	"1,6-anhydrous-N-Acetylmuramyl-tetrapeptide"	"c"
"anth"	"Anthranilate"	"c"
"ap4a"	"P1,P4-Bis(5'-adenosyl) tetraphosphate"	"c"
"ap5a"	"P1,P5-Bis(5'-adenosyl) pentaphosphate"	"c"
"apg120"	"acyl phosphatidylglycerol (n-C12:0)"	"c"
"apg140"	"acyl phosphatidylglycerol (n-C14:0)"	"c"
"apg141"	"acyl phosphatidylglycerol (n-C14:1)"	"c"
"apg160"	"acyl phosphatidylglycerol (n-C16:0)"	"c"
"apg161"	"acyl phosphatidylglycerol (n-C16:1)"	"c"
"apg180"	"acyl phosphatidylglycerol (n-C18:0)"	"c"
"apg181"	"acyl phosphatidylglycerol (n-C18:1)"	"c"
"apoACP"	"apoprotein [acyl carrier protein]"	"c"
"appl"	"1-Aminopropan-2-ol"	"c"
"aps"	"Adenosine 5'-phosphosulfate"	"c"
"ara5p"	"D-Arabinose 5-phosphate"	"c"
"arab_DASH_L"	"L-Arabinose"	"c, e, p"
"aragund"	"O-acetyl-rhamanosyl-N-acetylglucosamyl-undecaprenyl diphosphate"	"c"
"arbt"	"Arbutin"	"e, p"
"arbt6p"	"Arbutin 6-phosphate"	"c"
"arbtn"	"aerobactin minus Fe3"	"c, e, p"
"arbtn_DASH_fe3"	"Aerobactin"	"c, e, p"
"arg_DASH_L"	"L-Arginine"	"c, e, p"
"argsuc"	"N(omega)-(L-Arginino)succinate"	"c"
"argtrna"	"L-Arginyl-tRNA(Arg)"	"c"
"ascb6p"	"L-ascorbate-6-phosphate"	"c"
"ascb_DASH_L"	"L-Ascorbate"	"e, p"
"asn_DASH_L"	"L-Asparagine"	"c, e, p"
"asntrna"	"L-Asparaginyl-tRNA(Asn)"	"c"
"aso3"	"arsenite"	"c, e, p"
"aso4"	"arsenate"	"c"
"asp_DASH_L"	"L-Aspartate"	"c, e, p"
"aspsa"	"L-Aspartate 4-semialdehyde"	"c"
"asptrna"	"L-Aspartyl-tRNA(Asp)"	"c"
"athr_DASH_L"	"L-Allo-threonine"	"c"
"athtp"	"adenosine thiamine triphosphate"	"c"
"atp"	"ATP"	"c"
"b2coa"	"Crotonoyl-CoA"	"c"
"bbtcoa"	"gamma-butyrobetainyl-CoA"	"c"
"betald"	"Betaine aldehyde"	"c"
"bglycogen"	"branching glycogen"	"c"
"bmoco"	"bis-molybdenum cofactor"	"c"
"bmoco1gdp"	"bis-molybdopterin mono-guanine dinucleotide"	"c"
"bmocogdp"	"bis-molybdopterin guanine dinucleotide"	"c"
"btal"	"Butanal"	"c"
"btcoa"	"Butanoyl-CoA"	"c"
"btn"	"Biotin"	"c, e, p"
"btnso"	"d-biotin d-sulfoxide"	"c"
"but"	"Butyrate (n-C4:0)"	"c, e, p"
"but2eACP"	"But-2-enoyl-[acyl-carrier protein]"	"c"
"butACP"	"Butyryl-ACP (n-C4:0ACP)"	"c"
"butso3"	"butanesulfonate"	"c, e, p"
"bwco"	"tungsten bispterin cofactor"	"c"
"bwco1gdp"	"tungsten bispterin cofactor mono-guanine dinucleotide"	"c"
"bwcogdp"	"tungsten bispterin cofactor guanine dinucleotide"	"c"
"ca2"	"Calcium"	"c, e, p"
"camp"	"cAMP"	"c"
"cbasp"	"N-Carbamoyl-L-aspartate"	"c"
"cbi"	"Cobinamide"	"c, e, p"
"cbl1"	"Cob(I)alamin"	"c, e, p"
"cbm"	"Carbamate"	"c"
"cbp"	"Carbamoyl phosphate"	"c"
"cd2"	"Cadmium"	"c, e, p"
"cddec5eACP"	"cis-dodec-5-enoyl-[acyl-carrier protein] (n-C12:1)"	"c"
"cdec3eACP"	"cis-dec-3-enoyl-[acyl-carrier protein] (n-C10:1)"	"c"
"cdg"	"7-deaza-7-carboxyguanine"	"c"
"cdp"	"CDP"	"c"
"cdpdddecg"	"CDP-1,2-didodecanoylglycerol"	"c"
"cdpdhdec9eg"	"CDP-1,2-dihexadec-9-enoylglycerol"	"c"
"cdpdhdecg"	"CDP-1,2-dihexadecanoylglycerol"	"c"
"cdpdodec11eg"	"CDP-1,2-dioctadec-11-enoylglycerol"	"c"
"cdpdodecg"	"CDP-1,2-dioctadecanoylglycerol"	"c"
"cdpdtdec7eg"	"CDP-1,2-ditetradec-7-enoylglycerol"	"c"
"cdpdtdecg"	"CDP-1,2-ditetradecanoylglycerol"	"c"
"cechddd"	"cis-3-(3-carboxyethyl)-3,5-cyclohexadiene-1,2-diol"	"c"
"cenchddd"	"cis-3-(3-carboxyethenyl)-3,5-cyclohexadiene-1,2-diol"	"c"
"cgly"	"Cys-Gly"	"c, e, p"
"chol"	"Choline"	"c, e, p"
"chor"	"chorismate"	"c"
"chtbs"	"N,N'-diacetylchitobiose"	"e, p"
"chtbs6p"	"diacetylchitobiose-6-phosphate"	"c"
"cinnm"	"trans-Cinnamate"	"c"
"cit"	"Citrate"	"c, e, p"
"citr_DASH_L"	"L-Citrulline"	"c"
"ckdo"	"CMP-3-deoxy-D-manno-octulosonate"	"c"
"cl"	"Chloride"	"c, e, p"
"clpn120"	"cardiolipin (tetradodecanoyl, n-C12:0)"	"p"
"clpn140"	"cardiolipin (tetratetradecanoyl, n-C14:0)"	"p"
"clpn141"	"cardiolipin (tetratetradec-7-enoyl, n-C14:1)"	"p"
"clpn160"	"cardiolipin (tetrahexadecanoyl, n-C16:0)"	"p"
"clpn161"	"cardiolipin (tetrahexadec-9-enoyl, n-C16:1)"	"p"
"clpn180"	"cardiolipin (tetraoctadecanoyl, n-C18:0)"	"p"
"clpn181"	"cardiolipin (tetraoctadec-11-enoyl, n-C18:1)"	"p"
"cm"	"Chloramphenicol"	"e, p"
"cmp"	"CMP"	"c, e, p"
"co2"	"CO2"	"c, e, p"
"coa"	"Coenzyme A"	"c"
"cobalt2"	"Co2+"	"c, e, p"
"colipa"	"core oligosaccharide lipid A"	"c, e, p"
"colipap"	"core oligosaccharide lipid A diphosphate"	"e, p"
"cpe160"	"cyclopropane phosphatidylethanolamine (dihexadec-9,10-cyclo-anoyl, n-C16:0 cyclo)"	"c"
"cpe180"	"cyclopropane phosphatidylethanolamine (dioctadec-11,12-cyclo-anoyl, n-C18:0 cyclo)"	"c"
"cpg160"	"cyclopropane phosphatidylglycerol (dihexadec-9,10-cyclo-anoyl, n-C16:0 cyclo)"	"c"
"cpg180"	"cyclopropane phosphatidylglycerol (dioctadec-11,12-cyclo-anoyl, n-C18:0 cyclo)"	"c"
"cpgn"	"coprogen"	"c, e, p"
"cpgn_DASH_un"	"coprogen unloaded (no Fe(III))"	"c, e, p"
"cph4"	"6-carboxy-5,6,7,8-tetrahydropterin"	"c"
"cpmp"	"cyclic pyranopterin monophosphate"	"c"
"cpppg3"	"Coproporphyrinogen III"	"c"
"crn"	"L-Carnitine"	"c, e, p"
"crncoa"	"L-Carnitinyl-CoA"	"c"
"crn_DASH_D"	"D-Carnitine"	"c, e, p"
"crnDcoa"	"D-carnitinyl-CoA"	"c"
"csn"	"Cytosine"	"c, e, p"
"ctbt"	"crotonobetaine"	"c, p"
"ctbtcoa"	"crotonobetainyl-CoA"	"c"
"ctp"	"CTP"	"c"
"cu"	"Cu+"	"c, e, p"
"cu2"	"Cu2+"	"c, e, p"
"cyan"	"Hydrogen cyanide"	"c, e, p"
"cynt"	"Cyanate"	"c, e, p"
"cys_DASH_D"	"D-Cysteine"	"c, e, p"
"cys_DASH_L"	"L-Cysteine"	"c, e, p"
"cyst_DASH_L"	"L-Cystathionine"	"c"
"cystrna"	"L-Cysteinyl-tRNA(Cys)"	"c"
"cytd"	"Cytidine"	"c, e, p"
"dad_DASH_2"	"Deoxyadenosine"	"c, e, p"
"dad_DASH_5"	"5'-Deoxyadenosine"	"c"
"dadp"	"dADP"	"c"
"damp"	"dAMP"	"c, e, p"
"dann"	"7,8-Diaminononanoate"	"c"
"datp"	"dATP"	"c"
"db4p"	"3,4-dihydroxy-2-butanone 4-phosphate"	"c"
"dc2coa"	"trans-Dec-2-enoyl-CoA"	"c"
"dca"	"Decanoate (n-C10:0)"	"c, e, p"
"dcaACP"	"Decanoyl-ACP (n-C10:0ACP)"	"c"
"dcacoa"	"Decanoyl-CoA (n-C10:0CoA)"	"c"
"dcamp"	"N6-(1,2-Dicarboxyethyl)-AMP"	"c"
"dcdp"	"dCDP"	"c"
"dcmp"	"dCMP"	"c, e, p"
"dctp"	"dCTP"	"c"
"dcyt"	"Deoxycytidine"	"c, e, p"
"dd2coa"	"trans-Dodec-2-enoyl-CoA"	"c"
"ddca"	"Dodecanoate (n-C12:0)"	"c, e, p"
"ddcaACP"	"Dodecanoyl-ACP (n-C12:0ACP)"	"c"
"ddcacoa"	"Dodecanoyl-CoA (n-C12:0CoA)"	"c"
"ddcap"	"Dodecanoly-phosphate (n-C12:0)"	"c"
"dgdp"	"dGDP"	"c"
"dgmp"	"dGMP"	"c, e, p"
"dgslnt"	"Selenodiglutathione"	"c"
"dgsn"	"Deoxyguanosine"	"c, e, p"
"dgtp"	"dGTP"	"c"
"dha"	"Dihydroxyacetone"	"c, e, p"
"dhap"	"Dihydroxyacetone phosphate"	"c"
"dhcinnm"	"2,3-dihydroxicinnamic acid"	"c"
"dhf"	"7,8-Dihydrofolate"	"c"
"dhgly"	"dehydroglycine"	"c"
"dhmpt"	"Dihydromonapterin"	"c"
"dhmptp"	"dihydromonapterin-triphosphate"	"c"
"dhna"	"1,4-Dihydroxy-2-naphthoate"	"c"
"dhnpt"	"Dihydroneopterin"	"c"
"dhor_DASH_S"	"(S)-Dihydroorotate"	"c"
"dhpmp"	"Dihydroneopterin monophosphate"	"c"
"dhpppn"	"3-(2,3-Dihydroxyphenyl)propanoate"	"c"
"dhpt"	"Dihydropteroate"	"c"
"dhptd"	"4,5-dihydroxy-2,3-pentanedione"	"c"
"dhptdn"	"6,7-Dihydropteridine"	"c"
"didp"	"dIDP"	"c"
"dimp"	"dIMP"	"c, e, p"
"din"	"Deoxyinosine"	"c, e, p"
"ditp"	"dITP"	"c"
"dmbzid"	"5,6-Dimethylbenzimidazole"	"c"
"dmlz"	"6,7-Dimethyl-8-(1-D-ribityl)lumazine"	"c"
"dmpp"	"Dimethylallyl diphosphate"	"c"
"dms"	"Dimethyl sulfide"	"c, e, p"
"dmso"	"Dimethyl sulfoxide"	"c, e, p"
"dnad"	"Deamino-NAD+"	"c"
"dopa"	"Dopamine"	"e, p"
"doxrbcn"	"doxorubicin"	"e, p"
"dpcoa"	"Dephospho-CoA"	"c"
"dsbaox"	"periplasmic protein disulfide isomerase I (oxidized)"	"p"
"dsbard"	"periplasmic protein disulfide isomerase I (reduced)"	"p"
"dsbcox"	"protein disulfide isomerase II (oxidized)"	"p"
"dsbcrd"	"protein disulfide isomerase II (reduced)"	"p"
"dsbdox"	"fused thiol:disulfide interchange protein (oxidized)"	"c"
"dsbdrd"	"fused thiol:disulfide interchange protein (reduced)"	"c"
"dsbgox"	"periplasmic disulfide isomerase/thiol-disulphide oxidase (oxidized)"	"p"
"dsbgrd"	"periplasmic disulfide isomerase/thiol-disulphide oxidase (reduced)"	"p"
"dscl"	"dihydrosirohydrochlorin"	"c"
"dtbt"	"Dethiobiotin"	"c"
"dtdp"	"dTDP"	"c"
"dtdp4aaddg"	"dTDP-4-acetamido-4,6-dideoxy-D-galactose"	"c"
"dtdp4addg"	"dTDP-4-amino-4,6-dideoxy-D-galactose"	"c"
"dtdp4d6dg"	"dTDP-4-dehydro-6-deoxy-D-glucose"	"c"
"dtdp4d6dm"	"dTDP-4-dehydro-6-deoxy-L-mannose"	"c"
"dtdpglu"	"dTDPglucose"	"c"
"dtdprmn"	"dTDP-L-rhamnose"	"c"
"dtmp"	"dTMP"	"c, e, p"
"dttp"	"dTTP"	"c"
"dudp"	"dUDP"	"c"
"dump"	"dUMP"	"c, e, p"
"duri"	"Deoxyuridine"	"c, e, p"
"dutp"	"dUTP"	"c"
"dxyl"	"1-deoxy-D-xylulose"	"c"
"dxyl5p"	"1-deoxy-D-xylulose 5-phosphate"	"c"
"e4p"	"D-Erythrose 4-phosphate"	"c"
"eca2und"	"(enterobacterial common antigen)x2 undecaprenyl-diphosphate"	"p"
"eca3und"	"(enterobacterial common antigen)x3 undecaprenyl-diphosphate"	"p"
"eca4colipa"	"(enterobacterial common antigen)x4 core oligosaccharide lipid A"	"e, p"
"eca4und"	"(enterobacterial common antigen)x4 undecaprenyl-diphosphate"	"p"
"egmeACP"	"Enoylglutaryl-[acyl-carrier protein] methyl ester"	"c"
"eig3p"	"D-erythro-1-(Imidazol-4-yl)glycerol 3-phosphate"	"c"
"enlipa"	"phosphoethanolamine KDO(2)-lipid (A)"	"e, p"
"enter"	"Enterochelin"	"c, e, p"
"epmeACP"	"Enoylpimeloyl-[acyl-carrier protein] methyl ester"	"c"
"etha"	"Ethanolamine"	"c, e, p"
"ethso3"	"ethanesulfonate"	"c, e, p"
"etoh"	"Ethanol"	"c, e, p"
"f1p"	"D-Fructose 1-phosphate"	"c"
"f6p"	"D-Fructose 6-phosphate"	"c, e, p"
"fad"	"Flavin adenine dinucleotide oxidized"	"c"
"fadh2"	"Flavin adenine dinucleotide reduced"	"c"
"fald"	"Formaldehyde"	"c, e, p"
"fc1p"	"L-Fuculose 1-phosphate"	"c"
"fcl_DASH_L"	"L-fuculose"	"c"
"fdp"	"D-Fructose 1,6-bisphosphate"	"c"
"fe2"	"Fe2+"	"c, e, p"
"fe3"	"Fe3+"	"c, e, p"
"fe3dcit"	"Fe(III)dicitrate"	"e, p"
"fe3dhbzs"	"ferric 2,3-dihydroxybenzoylserine"	"c, e, p"
"fe3hox"	"Fe(III)hydroxamate"	"c, e, p"
"fe3hox_DASH_un"	"Fe(III)hydoxamate, unloaded"	"c, e, p"
"fecrm"	"Ferrichrome"	"c, e, p"
"fecrm_DASH_un"	"Ferrichrome minus Fe(III)"	"c, e, p"
"feenter"	"Fe-enterobactin"	"c, e, p"
"feoxam"	"ferroxamine"	"c, e, p"
"feoxam_DASH_un"	"ferroxamine minus Fe(3)"	"c, e, p"
"fgam"	"N2-Formyl-N1-(5-phospho-D-ribosyl)glycinamide"	"c"
"flxr"	"Flavodoxin reduced"	"c"
"flxso"	"flavodoxin semi oxidized"	"c"
"fmettrna"	"N-Formylmethionyl-tRNA"	"c"
"fmn"	"FMN"	"c"
"fmnh2"	"Reduced FMN"	"c"
"for"	"Formate"	"c, e, p"
"forcoa"	"Formyl-CoA"	"c"
"fpram"	"2-(Formamido)-N1-(5-phospho-D-ribosyl)acetamidine"	"c"
"fprica"	"5-Formamido-1-(5-phospho-D-ribosyl)imidazole-4-carboxamide"	"c"
"frdp"	"Farnesyl diphosphate"	"c"
"fru"	"D-Fructose"	"c, e, p"
"frulys"	"fructoselysine"	"c, e, p"
"frulysp"	"fructoselysine Phosphate"	"c"
"fruur"	"D-Fructuronate"	"c, e, p"
"fuc_DASH_L"	"L-Fucose"	"c, e, p"
"fum"	"Fumarate"	"c, e, p"
"fusa"	"fusidic acid"	"e, p"
"g1p"	"D-Glucose 1-phosphate"	"c, e, p"
"g3p"	"Glyceraldehyde 3-phosphate"	"c"
"g3pc"	"sn-Glycero-3-phosphocholine"	"c, e, p"
"g3pe"	"sn-Glycero-3-phosphoethanolamine"	"c, e, p"
"g3pg"	"Glycerophosphoglycerol"	"c, e, p"
"g3pi"	"sn-Glycero-3-phospho-1-inositol"	"c, e, p"
"g3ps"	"Glycerophosphoserine"	"c, e, p"
"g6p"	"D-Glucose 6-phosphate"	"c, e, p"
"gagicolipa"	"galactosyl-glucosyl-inner core oligosaccharide lipid A"	"c"
"gal"	"D-Galactose"	"c, e, p"
"gal1p"	"alpha-D-Galactose 1-phosphate"	"c, e, p"
"galct_DASH_D"	"D-Galactarate"	"c, e, p"
"galctn_DASH_D"	"D-Galactonate"	"c, e, p"
"galctn_DASH_L"	"L-Galactonate"	"c, e, p"
"gal_DASH_bD"	"beta D-Galactose"	"e, p"
"galt"	"Galactitol"	"e, p"
"galt1p"	"Galactitol 1-phosphate"	"c"
"galur"	"D-Galacturonate"	"c, e, p"
"gam"	"D-Glucosamine"	"e, p"
"gam1p"	"D-Glucosamine 1-phosphate"	"c"
"gam6p"	"D-Glucosamine 6-phosphate"	"c, e, p"
"gar"	"N1-(5-Phospho-D-ribosyl)glycinamide"	"c"
"garagund"	"glucosyl-O-acetyl-rhamanosyl-N-acetylglucosamyl-undecaprenyl diphosphate"	"c"
"gbbtn"	"gamma-butyrobetaine"	"c, e, p"
"gcald"	"Glycolaldehyde"	"c"
"gdp"	"GDP"	"c, e, p"
"gdpddman"	"GDP-4-dehydro-6-deoxy-D-mannose"	"c"
"gdpfuc"	"GDP-L-fucose"	"c"
"gdpmann"	"GDP-D-mannose"	"c"
"gdpofuc"	"GDP-4-oxo-L-fucose"	"c"
"gdptp"	"Guanosine 3'-diphosphate 5'-triphosphate"	"c"
"gfgaragund"	"galactofuranosyl-glucosyl-O-acetyl-rhamanosyl-N-acetylglucosamyl-undecaprenyl diphosphate"	"c"
"gg4abut"	"gamma-glutamyl-gamma aminobutyric acid"	"c"
"ggagicolipa"	"glucosyl-galactosyl-glucosyl-inner core oligosaccharide lipid A"	"c"
"ggbutal"	"gamma-glutamyl-gamma-butyraldehyde"	"c"
"gggagicolipa"	"glucosyl-glucosyl-galactosyl-glucosyl-inner core oligosaccharide lipid A"	"c"
"ggptrc"	"gamma-glutamyl-putrescine"	"c"
"ghb"	"gamma-hydroxybutyrate"	"c"
"gicolipa"	"glucosyl-inner core oligosaccharide lipid A"	"c"
"glc_DASH_D"	"D-Glucose"	"c, e, p"
"glcn"	"D-Gluconate"	"c, e, p"
"glcr"	"D-Glucarate"	"c, e, p"
"glcur"	"D-Glucuronate"	"c, e, p"
"glcur1p"	"D-Glucuronate 1-phosphate"	"e, p"
"gln_DASH_L"	"L-Glutamine"	"c, e, p"
"glntrna"	"L-Glutaminyl-tRNA(Gln)"	"c"
"glu1sa"	"L-Glutamate 1-semialdehyde"	"c"
"glu5p"	"L-Glutamate 5-phosphate"	"c"
"glu5sa"	"L-Glutamate 5-semialdehyde"	"c"
"glucys"	"gamma-L-Glutamyl-L-cysteine"	"c"
"glu_DASH_D"	"D-Glutamate"	"c"
"glu_DASH_L"	"L-Glutamate"	"c, e, p"
"glutrna"	"L-Glutamyl-tRNA(Glu)"	"c"
"glx"	"Glyoxylate"	"c"
"gly"	"Glycine"	"c, e, p"
"glyald"	"D-Glyceraldehyde"	"c, e, p"
"glyb"	"Glycine betaine"	"c, e, p"
"glyc"	"Glycerol"	"c, e, p"
"glyc2p"	"Glycerol 2-phosphate"	"c, e, p"
"glyc3p"	"Glycerol 3-phosphate"	"c, e, p"
"glyc_DASH_R"	"(R)-Glycerate"	"c, e, p"
"glyclt"	"Glycolate"	"c, e, p"
"glycogen"	"glycogen"	"c"
"glytrna"	"Glycyl-tRNA(Gly)"	"c"
"gmeACP"	"Glutaryl-[acyl-carrier protein] methyl ester"	"c"
"gmhep17bp"	"D-Glycero-D-manno-heptose 1,7-bisphosphate"	"c"
"gmhep1p"	"D-Glycero-D-manno-heptose 1-phosphate"	"c"
"gmhep7p"	"D-Glycero-D-manno-heptose 7-phosphate"	"c"
"gmp"	"GMP"	"c, e, p"
"gp4g"	"P1,P4-Bis(5'-guanosyl) tetraphosphate"	"c"
"grdp"	"Geranyl diphosphate"	"c"
"grxox"	"glutaredoxin (oxidized)"	"c"
"grxrd"	"glutaredoxin (reduced)"	"c"
"gslnt"	"Glutathiolselenolate"	"c"
"gsn"	"Guanosine"	"c, e, p"
"gthox"	"Oxidized glutathione"	"c, e, p"
"gthrd"	"Reduced glutathione"	"c, e, p"
"gtp"	"GTP"	"c, e, p"
"gtspmd"	"Glutathionylspermidine"	"c"
"gua"	"Guanine"	"c, e, p"
"h"	"H+"	"c, e, p"
"h2"	"H2"	"c, e, p"
"h2mb4p"	"1-hydroxy-2-methyl-2-(E)-butenyl 4-diphosphate"	"c"
"h2o"	"H2O"	"c, e, p"
"h2o2"	"Hydrogen peroxide"	"c, e, p"
"h2s"	"Hydrogen sulfide"	"c, e, p"
"hacolipa"	"hepta-acylated core oligosaccharide lipid A (E. coli)"	"e"
"halipa"	"hepta-acylated KDO(2)-lipid (A)"	"e"
"hco3"	"Bicarbonate"	"c"
"hcys_DASH_L"	"L-Homocysteine"	"c"
"hdca"	"Hexadecanoate (n-C16:0)"	"c, e, p"
"hdcap"	"Hexadecanoyl-phosphate (n-C16:0)"	"c"
"hdcea"	"Hexadecenoate (n-C16:1)"	"c, e, p"
"hdceap"	"Hexadecanoyl-phosphate (n-C16:1)"	"c"
"hdcoa"	"Hexadecenoyl-CoA (n-C16:1CoA)"	"c"
"hdd2coa"	"trans-Hexadec-2-enoyl-CoA"	"c"
"hdeACP"	"cis-hexadec-9-enoyl-[acyl-carrier protein] (n-C16:1)"	"c"
"hemeO"	"Heme O"	"c"
"hexACP"	"Hexanoyl-ACP (n-C6:0ACP)"	"c"
"hg2"	"Hg2+"	"c, e, p"
"hgmeACP"	"3-Hydroxyglutaryl-[acyl-carrier protein] methyl ester"	"c"
"hhlipa"	"heptosyl-heptosyl-kdo2-lipidA"	"c"
"his_DASH_L"	"L-Histidine"	"c, e, p"
"hisp"	"L-Histidinol phosphate"	"c"
"histd"	"L-Histidinol"	"c"
"histrna"	"L-Histidyl-tRNA(His)"	"c"
"hkndd"	"2-Hydroxy-6-oxonona-2,4-diene-1,9-dioate"	"c"
"hkntd"	"2-hydroxy-6-ketononatrienedioate"	"c"
"hlipa"	"heptosyl-kdo2-lipidA"	"c"
"hmbil"	"Hydroxymethylbilane"	"c"
"hmgth"	"hydroxymethylglutathione"	"c"
"hom_DASH_L"	"L-Homoserine"	"c, e, p"
"hphhlipa"	"heptosyl-phospho-heptosyl-heptosyl-kdo2-lipidA"	"c"
"hpmeACP"	"3-Hydroxypimeloyl-[acyl-carrier protein] methyl ester"	"c"
"hpyr"	"Hydroxypyruvate"	"c"
"hqn"	"Hydroquinone"	"c"
"hx2coa"	"trans-Hex-2-enoyl-CoA"	"c"
"hxa"	"Hexanoate (n-C6:0)"	"c, e, p"
"hxan"	"Hypoxanthine"	"c, e, p"
"hxcoa"	"Hexanoyl-CoA (n-C6:0CoA)"	"c"
"iasp"	"Iminoaspartate"	"c"
"ichor"	"Isochorismate"	"c"
"icit"	"Isocitrate"	"c"
"icolipa"	"inner core oligosaccharide lipid A (E coli)"	"c"
"idon_DASH_L"	"L-Idonate"	"c, e, p"
"idp"	"IDP"	"c"
"ile_DASH_L"	"L-Isoleucine"	"c, e, p"
"iletrna"	"L-Isoleucyl-tRNA(Ile)"	"c"
"imacp"	"3-(Imidazol-4-yl)-2-oxopropyl phosphate"	"c"
"imp"	"IMP"	"c, e, p"
"indole"	"Indole"	"c, e, p"
"inost"	"myo-Inositol"	"c, e, p"
"ins"	"Inosine"	"c, e, p"
"ipdp"	"Isopentenyl diphosphate"	"c"
"iscs"	"IscS sulfur acceptor protein"	"c"
"iscssh"	"IscS with bound sulfur"	"c"
"iscu"	"IscU scaffold protein"	"c"
"iscu_DASH_2fe2s"	"IscU with bound [2Fe-2S] cluster"	"c"
"iscu_DASH_2fe2s2"	"IscU with two bound [2Fe-2S] clusters"	"c"
"iscu_DASH_4fe4s"	"IscU with bound [4Fe-4S] cluster"	"c"
"isetac"	"Isethionic acid"	"c, e, p"
"itp"	"ITP"	"c"
"k"	"potassium"	"c, e, p"
"kdo"	"3-Deoxy-D-manno-2-octulosonate"	"c"
"kdo2lipid4"	"KDO(2)-lipid IV(A)"	"c, e, p"
"kdo2lipid4L"	"KDO(2)-lipid IV(A) with laurate"	"c"
"kdo2lipid4p"	"KDO(2)-lipid IV(A) with palmitoleoyl"	"c"
"kdo8p"	"3-Deoxy-D-manno-octulosonate 8-phosphate"	"c"
"kdolipid4"	"KDO-lipid IV(A)"	"c"
"kphphhlipa"	"kdo-phospho-heptosyl-phospho-heptosyl-heptosyl-kdo2-lipidA"	"c"
"lac_DASH_D"	"D-Lactate"	"c, e, p"
"lac_DASH_L"	"L-Lactate"	"c, e, p"
"LalaDglu"	"L-alanine-D-glutamate"	"c, e, p"
"LalaDgluMdap"	"L-alanine-D-glutamate-meso-2,6-diaminoheptanedioate"	"c, e, p"
"LalaDgluMdapDala"	"L-alanine-D-glutamate-meso-2,6-diaminoheptanedioate-D-alanine"	"c, e, p"
"LalaLglu"	"L-alanine-L-glutamate"	"c, e, p"
"lald_DASH_D"	"D-Lactaldehyde"	"c"
"lald_DASH_L"	"L-Lactaldehyde"	"c"
"lcts"	"Lactose"	"c, e, p"
"leu_DASH_L"	"L-Leucine"	"c, e, p"
"leutrna"	"L-Leucyl-tRNA(Leu)"	"c"
"lgt_DASH_S"	"(R)-S-Lactoylglutathione"	"c"
"lipa"	"KDO(2)-lipid (A)"	"c, e, p"
"lipa_cold"	"cold adapted KDO(2)-lipid (A)"	"c, e, p"
"lipidA"	"2,3,2'3'-Tetrakis(beta-hydroxymyristoyl)-D-glucosaminyl-1,6-beta-D-glucosamine 1,4'-bisphosphate"	"c"
"lipidAds"	"Lipid A Disaccharide"	"c"
"lipidX"	"2,3-Bis(3-hydroxytetradecanoyl)-beta-D-glucosaminyl 1-phosphate"	"c"
"lipoamp"	"lipoyl-AMP"	"c"
"lipoate"	"Lipoate"	"c, e, p"
"lipopb"	"lipoate (protein bound)"	"c"
"lpp"	"lipoprotein"	"p"
"lys_DASH_L"	"L-Lysine"	"c, e, p"
"lystrna"	"L-Lysine-tRNA (Lys)"	"c"
"lyx_DASH_L"	"L-Lyxose"	"c, e, p"
"malACP"	"Malonyl-[acyl-carrier protein]"	"c"
"malcoa"	"Malonyl-CoA"	"c"
"malcoame"	"malonyl-CoA methyl ester"	"c"
"mal_DASH_D"	"D-Malate"	"c, e, p"
"mal_DASH_L"	"L-Malate"	"c, e, p"
"malt"	"Maltose"	"c, e, p"
"malt6p"	"Maltose 6'-phosphate"	"c"
"malthp"	"Maltoheptaose"	"c"
"malthx"	"Maltohexaose"	"c, e, p"
"maltpt"	"Maltopentaose"	"c, e, p"
"malttr"	"Maltotriose"	"c, e, p"
"maltttr"	"Maltotetraose"	"c, e, p"
"man"	"D-Mannose"	"c, e, p"
"man1p"	"D-Mannose 1-phosphate"	"c"
"man6p"	"D-Mannose 6-phosphate"	"c, e, p"
"man6pglyc"	"2(alpha-D-Mannosyl-6-phosphate)-D-glycerate"	"c"
"mana"	"D-Mannonate"	"c"
"manglyc"	"2(alpha-D-Mannosyl)-D-glycerate"	"e, p"
"mdhdhf"	"(2R,4S)-2-methyl-2,4-dihydroxydihydrofuran-3-one"	"c"
"melib"	"Melibiose"	"c, e, p"
"meoh"	"Methanol"	"c, e, p"
"mercppyr"	"Mercaptopyruvate"	"c"
"met_DASH_D"	"D-Methionine"	"c, e, p"
"met_DASH_L"	"L-Methionine"	"c, e, p"
"methf"	"5,10-Methenyltetrahydrofolate"	"c"
"metsox_DASH_R_DASH_L"	"L-methionine-R-sulfoxide"	"c, e, p"
"metsox_DASH_S_DASH_L"	"L-Methionine Sulfoxide"	"c, e, p"
"mettrna"	"L-Methionyl-tRNA (Met)"	"c"
"mg2"	"magnesium"	"c, e, p"
"mi1p_DASH_D"	"1D-myo-Inositol 1-phosphate"	"c"
"micit"	"methylisocitrate"	"c"
"mincyc"	"minocycline"	"e, p"
"minohp"	"myo-Inositol hexakisphosphate"	"e, p"
"mlthf"	"5,10-Methylenetetrahydrofolate"	"c"
"mmcoa_DASH_S"	"(S)-Methylmalonyl-CoA"	"c"
"mmet"	"S-Methyl-L-methionine"	"c, e, p"
"mn2"	"Mn2+"	"c, e, p"
"mnl"	"D-Mannitol"	"e, p"
"mnl1p"	"D-Mannitol 1-phosphate"	"c"
"moadamp"	"MoaD Protein with bound AMP"	"c"
"moadcoo"	"MoaD Protein with carboxylate"	"c"
"moadcosh"	"MoaD Protein with thiocarboxylate"	"c"
"mobd"	"Molybdate"	"c, e, p"
"moco"	"molybdenum cofactor"	"c"
"mococdp"	"molybdopterin cytosine dinucleotide"	"c"
"mocogdp"	"molybdopterin guanine dinucleotide"	"c"
"mpt"	"molybdopterin"	"c"
"mptamp"	"adenylated molybdopterin"	"c"
"mql8"	"Menaquinol 8"	"c"
"mqn8"	"Menaquinone 8"	"c"
"msa"	"Malonate semialdehyde"	"c"
"mso3"	"methanesulfonate"	"c, e, p"
"mthgxl"	"Methylglyoxal"	"c"
"mththf"	"(2R,4S)-2-methyl-2,3,3,4-tetrahydroxytetrahydrofuran"	"c"
"murein3p3p"	"two linked disacharide tripeptide murein units (uncrosslinked, middle of chain)"	"p"
"murein3px3p"	"two disacharide linked murein units, tripeptide crosslinked tripeptide (A2pm->A2pm) (middle of chain)"	"p"
"murein3px4p"	"two disacharide linked murein units, tripeptide crosslinked tetrapeptide (A2pm->D-ala) (middle of chain)"	"p"
"murein4p3p"	"two linked disacharide tetrapeptide and tripeptide murein units (uncrosslinked, middle of chain)"	"p"
"murein4p4p"	"two linked disacharide tetrapeptide murein units (uncrosslinked, middle of chain)"	"p"
"murein4px4p"	"two disacharide linked murein units, tetrapeptide corsslinked tetrapeptide (A2pm->D-ala) (middle of chain)"	"p"
"murein4px4p4p"	"three disacharide linked murein units (tetrapeptide crosslinked tetrapeptide (A2pm->D-ala), one uncrosslinked tetrapaptide) (middle of chain)"	"p"
"murein4px4px4p"	"three disacharide linked murein units (tetrapeptide crosslinked tetrapeptide (A2pm->D-ala) & tetrapeptide corsslinked tetrapeptide (A2pm->D-ala)) (middle of chain)"	"p"
"murein5p3p"	"two linked disacharide pentapeptide and tripeptide murein units (uncrosslinked, middle of chain)"	"p"
"murein5p4p"	"two linked disacharide pentapeptide and tetrapeptide murein units (uncrosslinked, middle of chain)"	"p"
"murein5p5p"	"two linked disacharide pentapeptide murein units (uncrosslinked, middle of chain)"	"p"
"murein5p5p5p"	"three linked disacharide pentapeptide murein units (uncrosslinked, middle of chain)"	"p"
"murein5px3p"	"two disacharide linked murein units, pentapeptide corsslinked tripeptide (A2pm->A2pm) (middle of chain)"	"p"
"murein5px4p"	"two disacharide linked murein units, pentapeptide crosslinked tetrapeptide (A2pm->D-ala) (middle of chain)"	"p"
"murein5px4px4p"	"three disacharide linked murein units (pentapeptide crosslinked tetrapeptide (A2pm->D-ala) tetrapeptide corsslinked tetrapeptide (A2pm->D-ala)) (middle of chain)"	"p"
"myrsACP"	"Myristoyl-ACP (n-C14:0ACP)"	"c"
"N1aspmd"	"N1-Acetylspermidine"	"c"
"n2o"	"Nitrous oxide"	"c, e, p"
"n8aspmd"	"N8-Acetylspermidine"	"c"
"na1"	"Sodium"	"c, e, p"
"na15dap"	"N-3-aminopropyl-1,5-diaminopentane"	"c"
"nac"	"Nicotinate"	"c, e, p"
"nad"	"Nicotinamide adenine dinucleotide"	"c"
"nadh"	"Nicotinamide adenine dinucleotide - reduced"	"c"
"nadp"	"Nicotinamide adenine dinucleotide phosphate"	"c"
"nadph"	"Nicotinamide adenine dinucleotide phosphate - reduced"	"c"
"ncam"	"Nicotinamide"	"c"
"nh4"	"Ammonium"	"c, e, p"
"ni2"	"nickel"	"c, e, p"
"nicrnt"	"Nicotinate D-ribonucleotide"	"c"
"nmn"	"NMN"	"c, e, p"
"Nmtrp"	"N-Methyltryptophan"	"c"
"no"	"Nitric oxide"	"c, e, p"
"no2"	"Nitrite"	"c, e, p"
"no3"	"Nitrate"	"c, e, p"
"novbcn"	"novobiocin"	"e, p"
"o16a2und"	"(O16 antigen)x2 undecaprenyl diphosphate"	"p"
"o16a3und"	"(O16 antigen)x3 undecaprenyl diphosphate"	"p"
"o16a4colipa"	"(O16 antigen)x4 core oligosaccharide lipid A"	"e, p"
"o16a4und"	"(O16 antigen)x4 undecaprenyl diphosphate"	"p"
"o16aund"	"O16 antigen undecaprenyl diphosphate"	"c, p"
"o2"	"O2"	"c, e, p"
"o2s"	"Superoxide anion"	"c, e, p"
"oaa"	"Oxaloacetate"	"c"
"oc2coa"	"trans-Oct-2-enoyl-CoA"	"c"
"ocACP"	"Octanoyl-ACP (n-C8:0ACP)"	"c"
"occoa"	"Octanoyl-CoA (n-C8:0CoA)"	"c"
"ocdca"	"octadecanoate (n-C18:0)"	"c, e, p"
"ocdcaACP"	"Octadecanoyl-ACP (n-C18:0ACP)"	"c"
"ocdcap"	"Octadecanoyl-phosphate (n-C18:0)"	"c"
"ocdcea"	"octadecenoate (n-C18:1)"	"c, e, p"
"ocdceap"	"Octadecanoyl-phosphate (n-C18:1)"	"c"
"octa"	"octanoate (n-C8:0)"	"c, e, p"
"octapb"	"octanoate (protein bound)"	"c"
"octdp"	"all-trans-Octaprenyl diphosphate"	"c"
"octeACP"	"cis-octadec-11-enoyl-[acyl-carrier protein] (n-C18:1)"	"c"
"od2coa"	"trans-Octadec-2-enoyl-CoA"	"c"
"odecoa"	"Octadecenoyl-CoA (n-C18:1CoA)"	"c"
"ogmeACP"	"3-Oxo-glutaryl-[acyl-carrier protein] methyl ester"	"c"
"ohpb"	"2-Oxo-3-hydroxy-4-phosphobutanoate"	"c"
"op4en"	"2-Oxopent-4-enoate"	"c"
"opmeACP"	"3-Oxo-pimeloyl-[acyl-carrier protein] methyl ester"	"c"
"orn"	"Ornithine"	"c, e, p"
"orot"	"Orotate"	"c, e, p"
"orot5p"	"Orotidine 5'-phosphate"	"c"
"oxa"	"Oxalate"	"c"
"oxadpcoa"	"3-Oxoadipyl-CoA"	"c"
"oxalcoa"	"Oxalyl-CoA"	"c"
"oxam"	"Oxamate"	"c"
"oxur"	"Oxalureate"	"c"
"pa120"	"1,2-didodecanoyl-sn-glycerol 3-phosphate"	"c, p"
"pa140"	"1,2-ditetradecanoyl-sn-glycerol 3-phosphate"	"c, p"
"pa141"	"1,2-ditetradec-7-enoyl-sn-glycerol 3-phosphate"	"c, p"
"pa160"	"1,2-dihexadecanoyl-sn-glycerol 3-phosphate"	"c, p"
"pa161"	"1,2-dihexadec-9-enoyl-sn-glycerol 3-phosphate"	"c, p"
"pa180"	"1,2-dioctadecanoyl-sn-glycerol 3-phosphate"	"c, p"
"pa181"	"1,2-dioctadec-11-enoyl-sn-glycerol 3-phosphate"	"c, p"
"pac"	"Phenylacetic acid"	"c"
"pacald"	"Phenylacetaldehyde"	"c, e, p"
"palmACP"	"Palmitoyl-ACP (n-C16:0ACP)"	"c"
"pan4p"	"Pantetheine 4'-phosphate"	"c"
"pant_DASH_R"	"(R)-Pantoate"	"c"
"pap"	"Adenosine 3',5'-bisphosphate"	"c"
"paps"	"3'-Phosphoadenylyl sulfate"	"c"
"pdx5p"	"Pyridoxine 5'-phosphate"	"c"
"pe120"	"phosphatidylethanolamine (didodecanoyl, n-C12:0)"	"c, p"
"pe140"	"phosphatidylethanolamine (ditetradecanoyl, n-C14:0)"	"c, p"
"pe141"	"phosphatidylethanolamine (ditetradec-7-enoyl, n-C14:1)"	"c, p"
"pe160"	"phosphatidylethanolamine (dihexadecanoyl, n-C16:0)"	"c, p"
"pe161"	"phosphatidylethanolamine (dihexadec-9enoyl, n-C16:1)"	"c, p"
"pe180"	"phosphatidylethanolamine (dioctadecanoyl, n-C18:0)"	"c, p"
"pe181"	"phosphatidylethanolamine (dioctadec-11-enoyl, n-C18:1)"	"c, p"
"peamn"	"Phenethylamine"	"e, p"
"pep"	"Phosphoenolpyruvate"	"c"
"pg120"	"Phosphatidylglycerol (didodecanoyl, n-C12:0)"	"c, p"
"pg140"	"Phosphatidylglycerol (ditetradecanoyl, n-C14:0)"	"c, p"
"pg141"	"Phosphatidylglycerol (ditetradec-7-enoyl, n-C14:1)"	"c, p"
"pg160"	"Phosphatidylglycerol (dihexadecanoyl, n-C16:0)"	"c, p"
"pg161"	"Phosphatidylglycerol (dihexadec-9-enoyl, n-C16:1)"	"c, p"
"pg180"	"Phosphatidylglycerol (dioctadecanoyl, n-C18:0)"	"c, p"
"pg181"	"Phosphatidylglycerol (dioctadec-11-enoyl, n-C18:1)"	"c, p"
"pgp120"	"Phosphatidylglycerophosphate (didodecanoyl, n-C12:0)"	"c, p"
"pgp140"	"Phosphatidylglycerophosphate (ditetradecanoyl, n-C14:0)"	"c, p"
"pgp141"	"Phosphatidylglycerophosphate (ditetradec-7-enoyl, n-C14:1)"	"c, p"
"pgp160"	"Phosphatidylglycerophosphate (dihexadecanoyl, n-C16:0)"	"c, p"
"pgp161"	"Phosphatidylglycerophosphate (dihexadec-9-enoyl, n-C16:1)"	"c, p"
"pgp180"	"Phosphatidylglycerophosphate (dioctadecanoyl, n-C18:0)"	"c, p"
"pgp181"	"Phosphatidylglycerophosphate (dioctadec-11-enoyl, n-C18:1)"	"c, p"
"phaccoa"	"Phenylacetyl-CoA"	"c"
"phe_DASH_L"	"L-Phenylalanine"	"c, e, p"
"pheme"	"Protoheme"	"c, e, p"
"phetrna"	"L-Phenylalanyl-tRNA(Phe)"	"c"
"phhlipa"	"phospho-heptosyl-heptosyl-kdo2-lipidA"	"c"
"phom"	"O-Phospho-L-homoserine"	"c"
"phphhlipa"	"phospho-heptosyl-phospho-heptosyl-heptosyl-kdo2-lipidA"	"c"
"phpyr"	"Phenylpyruvate"	"c"
"phthr"	"O-Phospho-4-hydroxy-L-threonine"	"c"
"pi"	"Phosphate"	"c, e, p"
"pimACP"	"Pimeloyl-[acyl-carrier protein]"	"c"
"pmeACP"	"Pimeloyl-[acyl-carrier protein] methyl ester"	"c"
"pmtcoa"	"Palmitoyl-CoA (n-C16:0CoA)"	"c"
"pnto_DASH_R"	"(R)-Pantothenate"	"c, e, p"
"poaac"	"Peroxyaminoacrylate"	"c"
"ppa"	"Propionate (n-C3:0)"	"c, e, p"
"ppal"	"Propanal"	"c, e, p"
"ppap"	"Propanoyl phosphate"	"c"
"ppbng"	"Porphobilinogen"	"c"
"ppcoa"	"Propanoyl-CoA"	"c"
"ppgpp"	"Guanosine 3',5'-bis(diphosphate)"	"c"
"pphn"	"Prephenate"	"c"
"ppi"	"Diphosphate"	"c"
"ppp9"	"Protoporphyrin"	"c"
"pppg9"	"Protoporphyrinogen IX"	"c"
"pppi"	"Inorganic triphosphate"	"c"
"pppn"	"Phenylpropanoate"	"c, e, p"
"ppt"	"Phosphonate"	"e, p"
"pram"	"5-Phospho-beta-D-ribosylamine"	"c"
"pran"	"N-(5-Phospho-D-ribosyl)anthranilate"	"c"
"prbamp"	"1-(5-Phosphoribosyl)-AMP"	"c"
"prbatp"	"1-(5-Phosphoribosyl)-ATP"	"c"
"preq0"	"7-cyano-7-carbaguanine"	"c"
"preq1"	"7-aminomethyl-7-deazaguanine"	"c"
"prfp"	"1-(5-Phosphoribosyl)-5-[(5-phosphoribosylamino)methylideneamino]imidazole-4-carboxamide"	"c"
"prlp"	"5-[(5-phospho-1-deoxyribulos-1-ylamino)methylideneamino]-1-(5-phosphoribosyl)imidazole-4-carboxamide"	"c"
"pro_DASH_L"	"L-Proline"	"c, e, p"
"progly"	"L-Prolinylglycine"	"c, e, p"
"protrna"	"L-Prolyl-tRNA(Pro)"	"c"
"prpp"	"5-Phospho-alpha-D-ribose 1-diphosphate"	"c"
"ps120"	"phosphatidylserine (didodecanoyl, n-C12:0)"	"c"
"ps140"	"phosphatidylserine (ditetradecanoyl, n-C14:0)"	"c"
"ps141"	"phosphatidylserine (ditetradec-7-enoyl, n-C14:1)"	"c"
"ps160"	"phosphatidylserine (dihexadecanoyl, n-C16:0)"	"c"
"ps161"	"phosphatidylserine (dihexadec-9-enoyl, n-C16:1)"	"c"
"ps180"	"phosphatidylserine (dioctadecanoyl, n-C18:0)"	"c"
"ps181"	"phosphatidylserine (dioctadec-11-enoyl, n-C18:1)"	"c"
"psclys"	"psicoselysine"	"c, e, p"
"pser_DASH_L"	"O-Phospho-L-serine"	"c, e, p"
"ptrc"	"Putrescine"	"c, e, p"
"pyam5p"	"Pyridoxamine 5'-phosphate"	"c"
"pydam"	"Pyridoxamine"	"c, e, p"
"pydx"	"Pyridoxal"	"c, e, p"
"pydx5p"	"Pyridoxal 5'-phosphate"	"c"
"pydxn"	"Pyridoxine"	"c, e, p"
"pyr"	"Pyruvate"	"c, e, p"
"q8"	"Ubiquinone-8"	"c"
"q8h2"	"Ubiquinol-8"	"c"
"quin"	"Quinate"	"c, e, p"
"quln"	"Quinolinate"	"c"
"r15bp"	"D-Ribose 1,5-bisphosphate"	"c"
"r1p"	"alpha-D-Ribose 1-phosphate"	"c"
"r5p"	"alpha-D-Ribose 5-phosphate"	"c, e, p"
"ragund"	"rhamanosyl-N-acetylglucosamyl-undecaprenyl diphosphate"	"c"
"rbflvrd"	"Reduced riboflavin"	"c"
"rbl_DASH_L"	"L-Ribulose"	"c"
"rdmbzi"	"N1-(alpha-D-ribosyl)-5,6-dimethylbenzimidazole"	"c"
"rephaccoa"	"Ring 1,2-epoxyphenylacetyl-CoA"	"c"
"rfamp"	"rifampin"	"e, p"
"rhcys"	"S-Ribosyl-L-homocysteine"	"c"
"rib_DASH_D"	"D-Ribose"	"c, e, p"
"ribflv"	"Riboflavin"	"c"
"rml"	"L-Rhamnulose"	"c"
"rml1p"	"L-Rhamnulose 1-phosphate"	"c"
"rmn"	"L-Rhamnose"	"c, e, p"
"ru5p_DASH_D"	"D-Ribulose 5-phosphate"	"c"
"ru5p_DASH_L"	"L-Ribulose 5-phosphate"	"c"
"s17bp"	"Sedoheptulose 1,7-bisphosphate"	"c"
"s7p"	"Sedoheptulose 7-phosphate"	"c"
"sarcs"	"Sarcosine"	"c"
"sbt6p"	"D-Sorbitol 6-phosphate"	"c"
"sbt_DASH_D"	"D-Sorbitol"	"e, p"
"sbzcoa"	"O-Succinylbenzoyl-CoA"	"c"
"scl"	"sirohydrochlorin"	"c"
"sectrna"	"L-Selenocysteinyl-tRNA(Sec)"	"c"
"sel"	"Selenate"	"c, e, p"
"seln"	"Selenide"	"c"
"selnp"	"Selenophosphate"	"c"
"seramp"	"L-seryl-AMP"	"c"
"ser_DASH_D"	"D-Serine"	"c, e, p"
"ser_DASH_L"	"L-Serine"	"c, e, p"
"sertrna"	"L-Seryl-tRNA(Ser)"	"c"
"sertrna_LSQBKT_sec_RSQBKT_"	"L-Seryl-tRNA(Sec)"	"c"
"Sfglutth"	"S-Formylglutathione"	"c"
"sheme"	"Siroheme"	"c"
"skm"	"Shikimate"	"c, e, p"
"skm5p"	"Shikimate 5-phosphate"	"c"
"sl26da"	"N-Succinyl-LL-2,6-diaminoheptanedioate"	"c"
"sl2a6o"	"N-Succinyl-2-L-amino-6-oxoheptanedioate"	"c"
"slnt"	"selenite"	"c, e, p"
"so2"	"sulfur dioxide"	"c, e, p"
"so3"	"Sulfite"	"c, e, p"
"so4"	"Sulfate"	"c, e, p"
"spmd"	"Spermidine"	"c, e, p"
"stcoa"	"Stearoyl-CoA (n-C18:0CoA)"	"c"
"suc6p"	"Sucrose 6-phosphate"	"c"
"sucarg"	"N2-Succinyl-L-arginine"	"c"
"sucbz"	"o-Succinylbenzoate"	"c"
"succ"	"Succinate"	"c, e, p"
"succoa"	"Succinyl-CoA"	"c"
"sucglu"	"N2-Succinyl-L-glutamate"	"c"
"sucgsa"	"N2-Succinyl-L-glutamate 5-semialdehyde"	"c"
"suchms"	"O-Succinyl-L-homoserine"	"c"
"sucorn"	"N2-Succinyl-L-ornithine"	"c"
"sucr"	"Sucrose"	"e, p"
"sucsal"	"Succinic semialdehyde"	"c"
"sufbcd"	"SufBCD scaffold complex"	"c"
"sufbcd_DASH_2fe2s"	"SufBCD with bound [2Fe-2S] cluster"	"c"
"sufbcd_DASH_2fe2s2"	"SufBCD with two bound [2Fe-2S] clusters"	"c"
"sufbcd_DASH_4fe4s"	"SufBCD with bound [4Fe-4S] cluster"	"c"
"sufse"	"SufSE sulfur acceptor complex"	"c"
"sufsesh"	"SufSE with bound sulfur"	"c"
"sulfac"	"sulfoacetate"	"c, e, p"
"t3c11vaceACP"	"trans-3-cis-11-vacceoyl-[acyl-carrier protein]"	"c"
"t3c5ddeceACP"	"trans-3-cis-5-dodecenoyl-[acyl-carrier protein]"	"c"
"t3c7mrseACP"	"trans-3-cis-7-myristoleoyl-[acyl-carrier protein]"	"c"
"t3c9palmeACP"	"trans-3-cis-9-palmitoleoyl-[acyl-carrier protein]"	"c"
"tag6p_DASH_D"	"D-Tagatose 6-phosphate"	"c"
"tagdp_DASH_D"	"D-Tagatose 1,6-biphosphate"	"c"
"tagur"	"D-Tagaturonate"	"c"
"tartr_DASH_D"	"D-tartrate"	"c, e, p"
"tartr_DASH_L"	"L-tartrate"	"c, e, p"
"taur"	"Taurine"	"c, e, p"
"tcynt"	"Thiocyanate"	"c, e, p"
"td2coa"	"trans-Tetradec-2-enoyl-CoA"	"c"
"tdcoa"	"Tetradecanoyl-CoA (n-C14:0CoA)"	"c"
"tddec2eACP"	"trans-Dodec-2-enoyl-[acyl-carrier protein]"	"c"
"tdeACP"	"cis-tetradec-7-enoyl-[acyl-carrier protein] (n-C14:1)"	"c"
"tdec2eACP"	"trans-Dec-2-enoyl-[acyl-carrier protein]"	"c"
"tdecoa"	"Tetradecenoyl-CoA (n-C14:1CoA)"	"c"
"thdp"	"2,3,4,5-Tetrahydrodipicolinate"	"c"
"thex2eACP"	"trans-Hex-2-enoyl-[acyl-carrier protein]"	"c"
"thf"	"5,6,7,8-Tetrahydrofolate"	"c"
"thm"	"Thiamin"	"c, e, p"
"thmmp"	"Thiamin monophosphate"	"c"
"thmnp"	"Tetrahydromonapterin"	"c"
"thmpp"	"Thiamine diphosphate"	"c"
"thptdn"	"5,6,7,8-tetrahydropteridine"	"c"
"thr_DASH_L"	"L-Threonine"	"c, e, p"
"thrp"	"L-Threonine O-3-phosphate"	"e, p"
"thrtrna"	"L-Threonyl-tRNA(Thr)"	"c"
"thym"	"Thymine"	"c, e, p"
"thymd"	"Thymidine"	"c, e, p"
"tma"	"trimethylamine"	"c, e, p"
"tmao"	"Trimethylamine N-oxide"	"c, e, p"
"tmrs2eACP"	"trans-Tetradec-2-enoyl-[acyl-carrier protein]"	"c"
"toct2eACP"	"trans-Oct-2-enoyl-[acyl-carrier protein]"	"c"
"toctd2eACP"	"trans-octadec-2-enoyl-[acyl-carrier protein]"	"c"
"tpalm2eACP"	"trans-Hexadec-2-enoyl-[acyl-carrier protein]"	"c"
"trdox"	"Oxidized thioredoxin"	"c"
"trdrd"	"Reduced thioredoxin"	"c"
"tre"	"Trehalose"	"c, e, p"
"tre6p"	"alpha,alpha'-Trehalose 6-phosphate"	"c"
"trnaala"	"tRNA(Ala)"	"c"
"trnaarg"	"tRNA(Arg)"	"c"
"trnaasn"	"tRNA(Asn)"	"c"
"trnaasp"	"tRNA(Asp)"	"c"
"trnacys"	"tRNA(Cys)"	"c"
"trnagln"	"tRNA(Gln)"	"c"
"trnaglu"	"tRNA (Glu)"	"c"
"trnagly"	"tRNA(Gly)"	"c"
"trnahis"	"tRNA(His)"	"c"
"trnaile"	"tRNA(Ile)"	"c"
"trnaleu"	"tRNA(Leu)"	"c"
"trnalys"	"tRNA(Lys)"	"c"
"trnamet"	"tRNA(Met)"	"c"
"trnaphe"	"tRNA(Phe)"	"c"
"trnapro"	"tRNA(Pro)"	"c"
"trnasecys"	"tRNA(SeCys)"	"c"
"trnaser"	"tRNA(Ser)"	"c"
"trnathr"	"tRNA(Thr)"	"c"
"trnatrp"	"tRNA(Trp)"	"c"
"trnatyr"	"tRNA(Tyr)"	"c"
"trnaval"	"tRNA(Val)"	"c"
"trp_DASH_L"	"L-Tryptophan"	"c, e, p"
"trptrna"	"L-Tryptophanyl-tRNA(Trp)"	"c"
"tsul"	"Thiosulfate"	"c, e, p"
"ttdca"	"tetradecanoate (n-C14:0)"	"c, e, p"
"ttdcap"	"Tetradecanoyl-phosphate (n-C14:0)"	"c"
"ttdcea"	"tetradecenoate (n-C14:1)"	"c, e, p"
"ttdceap"	"Tetradecanoyl-phosphate (n-C14:1)"	"c"
"ttrcyc"	"tetracycline"	"e, p"
"tungs"	"tungstate"	"c, e, p"
"tym"	"Tyramine"	"e, p"
"tyr_DASH_L"	"L-Tyrosine"	"c, e, p"
"tyrp"	"Phosphotyrosine"	"e, p"
"tyrtrna"	"L-Tyrosyl-tRNA(Tyr)"	"c"
"u23ga"	"UDP-2,3-bis(3-hydroxytetradecanoyl)glucosamine"	"c"
"u3aga"	"UDP-3-O-(3-hydroxytetradecanoyl)-N-acetylglucosamine"	"c"
"u3hga"	"UDP-3-O-(3-hydroxytetradecanoyl)-D-glucosamine"	"c"
"uaagmda"	"Undecaprenyl-diphospho-N-acetylmuramoyl-(N-acetylglucosamine)-L-ala-D-glu-meso-2,6-diaminopimeloyl-D-ala-D-ala"	"c"
"uaccg"	"UDP-N-acetyl-3-O-(1-carboxyvinyl)-D-glucosamine"	"c"
"uacgam"	"UDP-N-acetyl-D-glucosamine"	"c, e, p"
"uacmam"	"UDP-N-acetyl-D-mannosamine"	"c"
"uacmamu"	"UDP-N-acetyl-D-mannosaminouronate"	"c"
"uagmda"	"Undecaprenyl-diphospho-N-acetylmuramoyl-L-alanyl-D-glutamyl-meso-2,6-diaminopimeloyl-D-alanyl-D-alanine"	"c"
"uama"	"UDP-N-acetylmuramoyl-L-alanine"	"c"
"uamag"	"UDP-N-acetylmuramoyl-L-alanyl-D-glutamate"	"c"
"uamr"	"UDP-N-acetylmuramate"	"c"
"udcpdp"	"Undecaprenyl diphosphate"	"c, p"
"udcpp"	"Undecaprenyl phosphate"	"c, p"
"udp"	"UDP"	"c"
"udpacgal"	"UDP-N-acetyl-D-galactosamine"	"e, p"
"udpg"	"UDPglucose"	"c, e, p"
"udpgal"	"UDPgalactose"	"c, e, p"
"udpgalfur"	"UDP-D-galacto-1,4-furanose"	"c"
"udpglcur"	"UDP-D-glucuronate"	"c, e, p"
"udpLa4fn"	"uridine 5''-diphospho-{beta}-4-deoxy-4-formamido-L-arabinose"	"c"
"udpLa4n"	"uridine 5''-diphospho-{beta}-4-deoxy-4-amino-L-arabinose"	"c"
"udpLa4o"	"UDP-4-keto-pyranose"	"c"
"ugmd"	"UDP-N-acetylmuramoyl-L-alanyl-D-gamma-glutamyl-meso-2,6-diaminopimelate"	"c"
"ugmda"	"UDP-N-acetylmuramoyl-L-alanyl-D-glutamyl-meso-2,6-diaminopimeloyl-D-alanyl-D-alanine"	"c"
"uLa4fn"	"undecaprenyl phosphate-4-amino-4-formyl-L-arabinose"	"c"
"uLa4n"	"undecaprenyl phosphate-4-amino-4-deoxy-L-arabinose"	"c, p"
"um4p"	"UDP-N-acetylmuramoyl-L-alanyl-D-gamma-glutamyl-meso-2,6-diaminopimelate-D-alanine"	"c"
"ump"	"UMP"	"c, e, p"
"unaga"	"Undecaprenyl diphospho N-acetyl-glucosamine"	"c"
"unagamu"	"Undecaprenyl-diphospho-N-acetylglucosamine-N-acetylmannosaminuronate"	"c"
"unagamuf"	"Undecaprenyl-diphospho N-acetylglucosamine-N-acetylmannosaminuronate-N-acetamido-4,6-dideoxy-D-galactose"	"c, p"
"uppg3"	"Uroporphyrinogen III"	"c"
"ura"	"Uracil"	"c, e, p"
"uracp"	"Ureidoacrylate peracid"	"c"
"urate"	"Urate"	"c"
"urdglyc"	"(-)-Ureidoglycolate"	"c"
"urea"	"Urea"	"c, e, p"
"uri"	"Uridine"	"c, e, p"
"utp"	"UTP"	"c"
"val_DASH_L"	"L-Valine"	"c, e, p"
"valtrna"	"L-Valyl-tRNA(Val)"	"c"
"wco"	"tungsten binding cofactor"	"c"
"xan"	"Xanthine"	"c, e, p"
"xdp"	"XDP"	"c"
"xmp"	"Xanthosine 5'-phosphate"	"c, e, p"
"xtp"	"XTP"	"c"
"xtsn"	"Xanthosine"	"c, e, p"
"xu5p_DASH_D"	"D-Xylulose 5-phosphate"	"c"
"xu5p_DASH_L"	"L-Xylulose 5-phosphate"	"c"
"xyl_DASH_D"	"D-Xylose"	"c, e, p"
"xylu_DASH_D"	"D-Xylulose"	"c"
"xylu_DASH_L"	"L-Xylulose"	"c, e, p"
"zn2"	"Zinc"	"c, e, p"
